{"wool": 0.7363636363636363, "bell shaped": 0.8363636363636364, "using phone": 0.8090909090909091, "translucent": 0.8363636363636364, "wearing bow tie": 0.8363636363636364, "wearing headband": 0.8363636363636364, "white framed": 0.8363636363636364, "turned off": 0.709090909090909, "crossing arms": 0.8090909090909091, "raising arm": 0.8090909090909091, "dressed": 0.8363636363636364, "almost empty": 0.709090909090909, "bushy": 0.8363636363636364, "staring": 0.8090909090909091, "holed": 1.0, "muscular": 0.7, "neat": 0.709090909090909, "abandoned": 0.709090909090909, "diagonal": 0.8363636363636364, "wheeled": 0.8363636363636364, "being used": 0.709090909090909, "partially visible": 0.709090909090909, "nylon": 0.7363636363636363, "ridged": 1.0, "backless": 0.8363636363636364, "unmade": 0.709090909090909, "pulled back": 0.8090909090909091, "side view": 0.8090909090909091, "chipped": 0.8363636363636364, "perched": 0.709090909090909, "overgrown": 0.8363636363636364, "numbered": 0.8363636363636364, "amber": 0.7636363636363637, "aqua": 0.7636363636363637, "beige": 0.7636363636363637, "black": 0.7636363636363637, "blond": 0.7636363636363637, "blue": 0.7636363636363637, "bluish": 0.7636363636363637, "bright blue": 0.7636363636363637, "bright green": 0.7636363636363637, "bright red": 0.7636363636363637, "bright yellow": 0.7636363636363637, "bronze": 0.7636363636363637, "brown": 0.7636363636363637, "burgundy": 0.7636363636363637, "cream colored": 0.7636363636363637, "dark blue": 0.7636363636363637, "dark brown": 0.7636363636363637, "dark gray": 0.7636363636363637, "dark green": 0.7636363636363637, "dark pink": 0.7636363636363637, "dark purple": 0.7636363636363637, "dark red": 0.7636363636363637, "fuchsia": 0.7636363636363637, "golden": 0.7636363636363637, "golden brown": 0.7636363636363637, "gray": 0.7636363636363637, "green": 0.7636363636363637, "ivory": 0.7636363636363637, "light blue": 0.7636363636363637, "light brown": 0.7636363636363637, "light green": 0.7636363636363637, "light gray": 0.7636363636363637, "light red": 0.7636363636363637, "light yellow": 0.7636363636363637, "lime green": 0.7636363636363637, "maroon": 0.7636363636363637, "murky": 0.7636363636363637, "navy blue": 0.7636363636363637, "neon green": 0.7636363636363637, "off white": 0.7636363636363637, "olive green": 0.7636363636363637, "orange": 0.7636363636363637, "pale blue": 0.7636363636363637, "pale green": 0.7636363636363637, "pink": 0.7636363636363637, "purple": 0.7636363636363637, "red": 0.7636363636363637, "reddish": 0.7636363636363637, "rust colored": 0.7636363636363637, "silver": 0.7636363636363637, "tan": 0.7636363636363637, "taupe": 0.7636363636363637, "teal": 0.7636363636363637, "terracotta": 0.7636363636363637, "turquoise": 0.7636363636363637, "violet": 0.7636363636363637, "white": 0.7636363636363637, "yellow": 0.7636363636363637, "black lettered": 0.7636363636363637, "red lettered": 0.7636363636363637, "white lettered": 0.7636363636363637, "black haired": 0.7636363636363637, "brown haired": 0.7636363636363637, "dark haired": 0.7636363636363637, "red haired": 0.7636363636363637, "white haired": 0.7636363636363637, "dark skinned": 0.7636363636363637, "light skinned": 0.7636363636363637, "wearing black": 0.7636363636363637, "wearing blue": 0.7636363636363637, "wearing green": 0.7636363636363637, "wearing gray": 0.7636363636363637, "wearing pink": 0.7636363636363637, "wearing red": 0.7636363636363637, "wearing white": 0.7636363636363637, "light colored": 0.7636363636363637, "dark colored": 0.7636363636363637, "colorless": 0.7636363636363637, "colorful": 0.7636363636363637, "monochromatic": 0.7636363636363637, "multicolored": 0.7636363636363637, "tricolored": 0.7636363636363637, "rainbow colored": 0.7636363636363637, "bright": 0.8363636363636364, "dark": 0.8363636363636364, "high": 0.7, "low": 0.7, "tall": 0.7, "short": 0.7, "long": 0.7, "wide": 0.7, "narrow": 0.7, "slim": 0.7, "thin": 0.7, "chubby": 0.8363636363636364, "fat": 0.7, "slender": 0.7, "skinny": 0.7, "huge": 0.7, "small": 0.7, "large": 0.7, "little": 0.7, "tiny": 0.7, "thick": 0.7, "deep": 0.8363636363636364, "shallow": 0.8363636363636364, "aluminum": 0.7363636363636363, "asphalt": 0.7363636363636363, "bamboo": 0.7363636363636363, "brick": 0.7363636363636363, "cardboard": 0.7363636363636363, "ceramic": 0.7363636363636363, "chocolate": 0.7363636363636363, "chrome": 0.7363636363636363, "clay": 0.7363636363636363, "cloth": 0.7363636363636363, "cobblestone": 0.7363636363636363, "concrete": 0.7363636363636363, "denim": 0.7363636363636363, "dirt": 0.7363636363636363, "fabric": 0.7363636363636363, "fluffy": 0.7363636363636363, "foamy": 0.7363636363636363, "furry": 0.7363636363636363, "glass": 0.7363636363636363, "granite": 0.7363636363636363, "gravel": 0.7363636363636363, "hardwood": 0.7363636363636363, "iron": 0.7363636363636363, "khaki": 0.7363636363636363, "leather": 0.7363636363636363, "marble": 0.7363636363636363, "metal": 0.7363636363636363, "muddy": 0.7363636363636363, "paper": 0.7363636363636363, "pebbled": 0.7363636363636363, "plastic": 0.7363636363636363, "plush": 0.7363636363636363, "porcelain": 0.7363636363636363, "red brick": 0.7363636363636363, "rocky": 0.7363636363636363, "rubber": 0.7363636363636363, "sandy": 0.7363636363636363, "silk": 0.7363636363636363, "snowy": 0.7363636363636363, "stainless steel": 0.7363636363636363, "steel": 0.7363636363636363, "stone": 0.7363636363636363, "straw": 0.7363636363636363, "stucco": 0.7363636363636363, "styrofoam": 0.7363636363636363, "tiled": 0.7363636363636363, "wicker": 0.7363636363636363, "wooden": 0.7363636363636363, "water": 0.7363636363636363, "arch shaped": 0.8363636363636364, "arrow shaped": 0.8363636363636364, "circular": 0.8363636363636364, "conical": 0.8363636363636364, "cubed": 0.8363636363636364, "curved": 0.8363636363636364, "curled": 0.8363636363636364, "curly": 0.8363636363636364, "cylindrical": 0.8363636363636364, "diamond shaped": 0.8363636363636364, "domed": 0.8363636363636364, "heart shaped": 0.8363636363636364, "octagonal": 0.8363636363636364, "oval shaped": 0.8363636363636364, "pointy": 0.8363636363636364, "rectangular": 0.8363636363636364, "round": 0.8363636363636364, "rounded": 0.8363636363636364, "spherical": 0.8363636363636364, "spiky": 0.8363636363636364, "spiral": 0.8363636363636364, "square": 0.8363636363636364, "straight": 0.8363636363636364, "triangular": 0.8363636363636364, "horizontal": 0.8363636363636364, "slanted": 0.8363636363636364, "tilted": 0.8363636363636364, "upright": 0.8363636363636364, "upside down": 0.8363636363636364, "vertical": 0.8363636363636364, "blue striped": 1.0, "blue plaid": 1.0, "checkered": 1.0, "dotted": 1.0, "floral": 1.0, "lined": 1.0, "patterned": 1.0, "pinstriped": 1.0, "plaid": 1.0, "polka dotted": 1.0, "red striped": 1.0, "speckled": 1.0, "spotted": 1.0, "striped": 1.0, "close": 0.8363636363636364, "far away": 0.8363636363636364, "angry": 0.709090909090909, "calm": 0.709090909090909, "frowning": 0.709090909090909, "grinning": 0.709090909090909, "happy": 0.709090909090909, "laughing": 0.709090909090909, "sad": 0.709090909090909, "serious": 0.709090909090909, "sleepy": 0.709090909090909, "smiling": 0.709090909090909, "smirking": 0.709090909090909, "surprised": 0.709090909090909, "unhappy": 0.709090909090909, "clapping": 0.8090909090909091, "pointing": 0.8090909090909091, "throwing": 0.8090909090909091, "waving": 0.8090909090909091, "bending": 0.8090909090909091, "crouching": 0.8090909090909091, "jumping": 0.8090909090909091, "kneeling": 0.8090909090909091, "leaning": 0.8090909090909091, "leaning back": 0.8090909090909091, "leaning forward": 0.8363636363636364, "leaping": 0.8090909090909091, "lying": 0.8090909090909091, "running": 0.8090909090909091, "sitting": 0.8090909090909091, "squatting": 0.8090909090909091, "standing": 0.8090909090909091, "turning": 0.8090909090909091, "walking": 0.8090909090909091, "brushing teeth": 0.8363636363636364, "climbing": 0.8090909090909091, "cooking": 0.8090909090909091,